First Name,Last Name,Employee ID,Job Title,Location,Profile Picture
Antonia,Ward,EMP001,QA Engineer,New York,profile_pics/Antonia_Ward.jpeg
Aurora,Thomas,EMP002,HR Manager,London,profile_pics/Aurora_Thomas.jpeg
Brad,Hines,EMP003,DevOps Engineer,Madrid,profile_pics/Brad_Hines.jpeg
Fred,Perkins,EMP004,Software Tester,Warsaw,profile_pics/Fred_Perkins.jpeg
Harry,Croft,EMP005,UI/UX Designer,Sydney,profile_pics/Harry_Croft.jpeg
Jake,Donaldson,EMP006,Data Analyst,Toronto,profile_pics/Jake_Donaldson.jpeg
John,Bishop,EMP007,Backend Developer,Belgrade,profile_pics/John_Bishop.jpeg
Kelly,Smith,EMP008,Frontend Developer,Dubai,profile_pics/Kelly_Smith.jpeg
Luisa,Harvey,EMP009,System Admin,Berlin,profile_pics/Luisa_Harvey.jpeg
Magdalena,Terry,EMP010,Product Manager,Rome,profile_pics/Magdalena_Terry.jpeg
Maria,Nolan,EMP011,Business Analyst,Cairo,profile_pics/Maria_Nolan.jpeg
Mary,Zamora,EMP012,Support Specialist,Sofia,profile_pics/Mary_Zamora.jpeg
Maya,Roth,EMP013,Network Engineer,Chicago,profile_pics/Maya_Roth.jpeg
Mia,Blake,EMP014,Recruiter,Zagreb,profile_pics/Mia_Blake.jpeg
Oliver,Warren,EMP015,IT Consultant,Lahore,profile_pics/Oliver_Warren.jpeg
Preston,Browning,EMP016,Technical Writer,Mexico City,profile_pics/Preston_Browning.jpeg
Rolando,Wu,EMP017,QA Automation Engineer,Riyadh,profile_pics/Rolando_Wu.jpeg
Ryan,Hansen,EMP018,Full Stack Developer,Tokyo,profile_pics/Ryan_Hansen.jpeg
Shawna,Monroe,EMP019,Marketing Specialist,Bucharest,profile_pics/Shawna_Monroe.jpeg
Shayla,Drake,EMP020,HR Generalist,San Francisco,profile_pics/Shayla_Drake.jpeg
